commodity_id,hs_code,commodity_desc,fish_type
0,404.0,"Atlantic salmon, fillets",Salmon
1,404.0,"Atlantic salmon, fresh",Salmon
2,404.0,"Atlantic salmon, frozen",Salmon
3,404.0,"Atlantic salmon, total",Salmon
4,404.0,Clams,Clam
5,404.0,Mussels,Mussel
6,404.0,Ornamental fish,Ornamental
7,404.0,Oysters,Oyster
8,404.0,"Pacific salmon, fresh",Salmon
9,404.0,"Pacific salmon, frozen",Salmon
10,404.0,"Salmon, canned and prepared",Salmon
11,404.0,Scallops,Scallop
12,404.0,"Shrimp, fresh",Shrimp
13,404.0,"Shrimp, fresh and prepared",Shrimp
14,404.0,"Shrimp, frozen",Shrimp
15,404.0,"Shrimp, prepared",Shrimp
16,404.0,"Shrimp, total",Shrimp
17,404.0,"Tilapia, Fillets, fresh",Tilapia
18,404.0,"Tilapia, Fillets, frozen",Tilapia
19,404.0,"Tilapia, Whole, frozen",Tilapia
20,404.0,"Tilapia, total",Tilapia
21,404.0,"Trout, fresh and frozen",Trout
22,404.0,"Trout, live",Trout
23,301100000.0,"FISH, ORNAMENTAL, LIVE",Ornamental
24,301100010.0,"KOI (COMMON) CARP (CYPRINUS CARPIO), LIVE",Carp
25,301100020.0,"GOLDFISH AND CRUCIAN CARP, LIVE",Carp
26,301100090.0,"FISH, ORNAMENTAL, LIVE, NESOI",Ornamental
27,301110000.0,"ORNAMENTAL FRESHWATER FISH, LIVE",Ornamental
28,301110010.0,"KOI (COMMON) CARP (CYPRINUS CARPIO), LIVE",Carp
29,301110020.0,"GOLDFISH AND CRUCIAN CARP, LIVE",Carp
30,301110090.0,"ORNAMENTAL FRESHWATER FISH, LIVE",Ornamental
31,301190000.0,"ORNAMENTAL FISH (OTHER THAN FRESHWATER), LIVE",Ornamental
32,301910000.0,"TROUT (SALMO TRUTTA, GAIRDNERI, CLARKI ETC.), LIVE",Trout
33,302110000.0,"TROUT (SALMO TRUTTA, S. CLARKI ETC) FRESH, CHILLED",Trout
34,302110010.0,RAINBOW TROUT FARMED FRESH/CHILLED EXC FLT/LVR/ROE,Trout
35,302110090.0,TROUT FRESH OR CHILLED EXCEPT FARMED RAINBOW TROUT,Trout
36,302120002.0,ATLANTIC SALMON FRESH OR CHILLED EX FILLET/LVR/ROE,Salmon
37,302120003.0,ATLANTIC SALMON FARMED FRSH/CHLD EX FILLET/LIV/ROE,Salmon
38,302120004.0,ATLANTIC SALMON NT FARMD FRSH/CHLLD EX FLT/LVR/ROE,Salmon
39,302120010.0,"CHINOOK (KING) SALMON STEAKS, FRESH OR CHILLED",Salmon
40,302120012.0,CHINOOK (KING) SALMON FRSH/CHLLD EX FILLET/LVR/ROE,Salmon
41,302120013.0,CHINOOK (KING) SALMON FARMED FRSH/CHLLD EX ROE ETC,Salmon
42,302120014.0,"CHINOOK (KING) SALMON NOT FARMED, FRESH/CHILLD ETC",Salmon
43,302120015.0,"CHINOOK (KING) SALMON, FRESH OR CHILLED, NESOI",Salmon
44,302120020.0,"CHUM (DOG) SALMON STEAKS, FRESH OR CHILLED",Salmon
45,302120022.0,CHUM (DOG) SALMON FRESH/CHILLD EX FILLET/LIVER/ROE,Salmon
46,302120025.0,"CHUM (DOG) SALMON, FRESH OR CHILLED, NESOI",Salmon
47,302120030.0,"PINK (HUMPIE) SALMON STEAKS, FRESH OR CHILLED",Salmon
48,302120032.0,PINK (HUMPIE) SALMON FRSH/CHILLD EX FILLET/LVR/ROE,Salmon
49,302120035.0,"PINK (HUMPIE) SALMON, FRESH OR CHILLED, NESOI",Salmon
50,302120040.0,"SOCKEYE (RED) SALMON STEAKS, FRESH OR CHILLED",Salmon
51,302120042.0,SOCKEYE (RED) SALMON FRSH/CHILLD EX FILLET/LVR/ROE,Salmon
52,302120045.0,"SOCKEYE (RED) SALMON, FRESH OR CHILLED, NESOI",Salmon
53,302120050.0,"COHO (SILVER) SALMON STEAKS, FRESH OR CHILLED",Salmon
54,302120052.0,COHO (SILVER) SALMON FRSH/CHILLD EX FILLET/LVR/ROE,Salmon
55,302120053.0,COHO (SILVER) SALMON FARMED FRSH/CHLLD EX ROE/ETC,Salmon
56,302120054.0,"COHO (SILVER) SALMON, NOT FARMED FRESH/CHILLD ETC",Salmon
57,302120055.0,"COHO (SILVER) SALMON, FRESH OR CHILLED, NESOI",Salmon
58,302120060.0,"SALMON STEAKS, NESOI, FRESH OR CHILLED",Salmon
59,302120062.0,"SALMON, NESOI, FRESH OR CHILLED EX FILLET/LVR/ROE",Salmon
60,302120065.0,"SALMON, NESOI, FRESH OR CHILLED",Salmon
61,302130012.0,"CHINOOK (KING) SALMON, EXCLUDING FILLETS, LIVERS AND ROES, FRESH OR CHILLED",Salmon
62,302130013.0,"CHINOOK (KING) SALMON, FARMED, FRESH OR CHILLED, EXCEPT FILLETS, LIVERS AND ROES",Salmon
63,302130014.0,"CHINOOK (KING) SALMON, FRESH OR CHILLED EXCEPT FARMED, FILLETS, LIVERS AND ROES",Salmon
64,302130022.0,"CHUM (DOG) SALMON, FRESH OR CHILLED, EXCEPT FILLETS, LIVERS AND ROES",Salmon
65,302130032.0,"PINK (HUMPIE) SALMON, FRESH OR CHILLED, EXCEPT FILLETS, LIVERS AND ROES",Salmon
66,302130042.0,"SOCKEYE (RED) SALMON, FRESH OR CHILLED, EXCEPT FILLETS, LIVERS AND ROES",Salmon
67,302130052.0,"COHO (SILVER) SALMON, EXCLUDING FILLETS, LIVERS AND ROES, FRESH OR CHILLED",Salmon
68,302130053.0,"COHO (SILVER) SALMON, FARMED, FRESH OR CHILLED, EXCEPT FILLETS, LIVERS AND ROES",Salmon
69,302130054.0,"COHO (SILVER) SALMON, NOT FARMED, FRESH OR CHILLED, EXCEPT FILLETS, LIVERS AND R",Salmon
70,302130062.0,"PACIFIC SALMON (ONCORHYNCHUS NERKA, ONCORHYNCH GORBUSCHA, ETC), FRESH OR CHILLED",Salmon
71,302130062.0,"PACIFIC SALMON, FRESH OR CHILLED, EXCEPT FILLETS, FISH MEAT OF HEADING 0304, LIV",Salmon
72,302140003.0,"ATLANTIC SALMON (SALMO SALAR), FARMED, FRESH OR CHILLED, EXCEPT FILLETS, LIVERS ",Salmon
73,302140004.0,"ATLANTIC SALMON (SALMO SALAR), FRESH OR CHILLED, EXCEPT FARMED, FILLETS, LIVERS ",Salmon
74,302140062.0,"ATLANTIC SALMON (SALMO SALAR) AND DANUBE SALMON (HUCHO HUCHO), FRESH OR CHILLED,",Salmon
75,302140062.0,"DANUBE SALMON (HUCHO HUCHO), FRESH OR CHILLED, EXCEPT FILLETS, LIVERS AND ROE",Salmon
76,302190000.0,"SALMONIDAE, NESOI, FRESH OR CHILLED",Salmon
77,302711100.0,"TILAPIAS, FRESH OR CHILLED, SCALED, IN IMMEDIATE CONTAINERS WEIGHING WITH THEIR ",Tilapia
78,302715000.0,"TILAPIAS, FRESH OR CHILLED, EXCEPT FILLETS, LIVERS,AND ROES, NESOI",Tilapia
79,303100010.0,"CHINOOK (KING) SALMON STEAKS, FROZEN",Salmon
80,303100012.0,CHINOOK (KING) SALMON FROZEN EX FILLET/LIVER/ROE,Salmon
81,303100015.0,"CHINOOK (KING) SALMON, FROZEN, NESOI",Salmon
82,303100020.0,"CHUM (DOG) SALMON STEAKS, FROZEN",Salmon
83,303100022.0,"CHUM (DOG) SALMON, FROZEN, EX FILLET/LIVER/ROE",Salmon
84,303100025.0,"CHUM (DOG) SALMON, FROZEN, NESOI",Salmon
85,303100030.0,"PINK (HUMPIE) SALMON STEAKS, FROZEN",Salmon
86,303100032.0,"PINK (HUMPIE) SALMON, FROZEN, EX FILLET/LIVER/ROE",Salmon
87,303100035.0,"PINK (HUMPIE) SALMON, FROZEN, NESOI",Salmon
88,303100040.0,"SOCKEYE (RED) SALMON STEAKS, FROZEN",Salmon
89,303100042.0,"SOCKEYE (RED) SALMON, EX FILLET/LIVER/ROE, FROZEN",Salmon
90,303100045.0,"SOCKEYE (RED) SALMON, FROZEN, NESOI",Salmon
91,303100050.0,"COHO (SILVER) SALMON STEAKS, FROZEN",Salmon
92,303100052.0,"COHO (SILVER) SALMON, EX FILLET/LIVER/ROE, FROZEN",Salmon
93,303100055.0,"COHO (SILVER) SALMON, FROZEN, NESOI",Salmon
94,303100060.0,"PACIFIC SALMON STEAKS, NESOI, FROZEN",Salmon
95,303100062.0,"PACIFIC SALMON NESOI, EX FILLET,/LIVER/ROE, FROZEN",Salmon
96,303100065.0,"PACIFIC SALMON, NESOI, FROZEN",Salmon
97,303110000.0,"SOCKEYE (RED) SALMON, FROZEN, EX FILLET/LIVER/ROE",Salmon
98,303120012.0,"CHINOOK (KING) SALMON (ONCORHYNCHUS TSCHAWYTSCHA), FROZEN, EXCEPT FILLETS, LIVER",Salmon
99,303120022.0,"CHUM (DOG) SALMON (ONCORHYNCHUS KETA), FROZEN, EXCEPT FILLETS, LIVERS AND ROES",Salmon
100,303120032.0,"PINK (HUMPIE) SALMON (ONCORHYNCHUS GORBUSCHA), FROZEN, EXCEPT FILLETS, LIVERS AN",Salmon
101,303120052.0,"COHO (SILVER) SALMON (ONCORHYNCHUS KISUTCH), FROZEN, EXCEPT FILLETS, LIVERS AND ",Salmon
102,303120062.0,"PACIFIC SALMON (ONCORHYNCHUS MASOU, ONCORHYNCHUS RHODURUS), FROZEN, EXCEPT FILLE",Salmon
103,303130000.0,"ATLANTIC SALMON (SALMO SALAR) AND DANUBE SALMON (HUCHO HUCHO), FROZEN, EXCEPT FI",Salmon
104,303140000.0,"TROUT (SALMO TRUTTA; ONCORHYNCHUS MYKISS, CLARKI, AGUABONITA, GILAE, APACHE AND ",Trout
105,303190012.0,CHINOOK (KING) SALMON FROZEN EX FILLET/LIVER/ROE,Salmon
106,303190022.0,"CHUM (DOG) SALMON, FROZEN, EX FILLET/LIVER/ROE",Salmon
107,303190032.0,"PINK (HUMPIE) SALMON, FROZEN, EX FILLET/LIVER/ROE",Salmon
108,303190052.0,"COHO (SILVER) SALMON, FROZEN, EX FILLET/LIVER/ROE",Salmon
109,303190062.0,"PACIFIC SALMON, NESOI, FROZEN, EX FILLET/LIVER/ROE",Salmon
110,303190100.0,"SALMONIDAE, FROZEN, EXCEPT FILLETS, LIVERS AND ROES, NESOI",Salmon
111,303210000.0,"TROUT (SALMO TRUTTA, SALMO CLARKI, ETC.,), FROZEN",Trout
112,303220000.0,ATLANTIC & DANUBE SALMON FROZEN EX FILLET/LVR/ROE,Salmon
113,303220020.0,"ATLANTIC SALMON AND DANUBE SALMON STEAKS, FROZEN",Salmon
114,303220040.0,"ATLANTIC AND DANUBE SALMON, FROZEN, NESOI",Salmon
115,303230000.0,"TILAPIAS (OREOCHROMIS SPP.), FROZEN, EXCEPT FILLETS, LIVERS AND ROES",Tilapia
116,303290000.0,"SALMONIDAE NESOI, FROZEN, EXCEPT FILLET/LIVER/ROE",Salmon
117,303290020.0,"SALMONIDAE STEAKS, NESOI, FROZEN",Salmon
118,303290040.0,"SALMONIDAE, NESOI, FROZEN",Salmon
119,303790040.0,"TILAPIA, FRESHWATER FROZEN EXC FILLET, LIVER & ROE",Tilapia
120,303792094.0,"TILAPIA, FRESH-WATER, FROZEN EX FILLETS/LIVERS/ROE",Tilapia
121,303804040.0,"SALMON ROE, FROZEN",Salmon
122,303890040.0,"TILAPIAS, OTHER THAN OREOCHROMIS SPP., FROZEN, EXCLUDING FILLETS, LIVERS AND ROE",Tilapia
123,304104061.0,TILAPIA FRESH-WATER FILLET & OTH MEAT FRESH/CHILLD,Tilapia
124,304104091.0,"ATLANTIC SALMON(SALMO SALAR) FILLET/OTH MEAT,FR/CH",Salmon
125,304104092.0,"SALMON, NESOI, FILLETS/OTHER MEAT, FRESH/CHILLED",Salmon
126,304104093.0,FARM ATL SALMON(SALMO SALAR) FILLET/OTH MEAT FR/CH,Salmon
127,304104094.0,NOT FARM ATL SALMON(SALMO SALAR)FILLE FRSH/CHLD,Salmon
128,304104096.0,"SALMON, NESOI, FILLETS/OTHER MEAT, FRESH/CHILLED",Salmon
129,304190043.0,"TILAPIA FILLETS AND OTHER MEAT, FRESH OR CHILLED",Tilapia
130,304190064.0,"ATLANTIC SALMON FILLETS ETC, FARMED, FRESH/CHILLED",Salmon
131,304190067.0,"ATLANTIC SALMON FILLETS ETC, FRESH/CHILLED, NESOI",Salmon
132,304190070.0,"SALMON FILLETS AND OTHER MEAT, FRESH/CHILLED NESOI",Salmon
133,304206005.0,"TROUT FILLETS, NESOI, FROZEN",Trout
134,304206006.0,"SALMONIDAE,ATLANTIC(SALMO SALAR),FILLETS,NESOI,FZN",Salmon
135,304206007.0,"SALMONIDAE NESOI FILLETS, NESOI, FROZEN",Salmon
136,304206008.0,"SALMONIDAE FILLETS, NESOI, FROZEN",Salmon
137,304206042.0,"TILAPIA, FRESH-WATER FILLETS NESOI, FROZEN",Tilapia
138,304296005.0,"TROUT FILLETS, FROZEN, NESOI",Trout
139,304296006.0,"ATLANTIC SALMONIDAE FILLETS, FROZEN, NESOI",Salmon
140,304296008.0,"SALMONIDAE FILLETS, FROZEN, NESOI",Salmon
141,304296042.0,"TILAPIA (TILAPIINAE) FILLETS, FROZEN",Tilapia
142,304310000.0,"TILAPIA (OREOCHROMIS) FILLETS, FRESH OR CHILLED",Tilapia
143,304410000.0,"PACIFIC SALMON AND ATLANTIC SALMON FILLETS, FRESH OR CHILLED",Salmon
144,304410010.0,"ATLANTIC SALMON (SALMO SALAR) FILLETS, NOT FARMED, FRESH OR CHILLED",Salmon
145,304410090.0,"PACIFIC SALMON AND DANUBE SALMON FILLETS, FRESH OR CHILLED",Salmon
146,304420000.0,"TROUT FILLETS, FRESH OR CHILLED",Trout
147,304490012.0,"TILAPIA OTHER THAN OREOCHROMUS FILLETS, FRESH OR CHILLED",Tilapia
148,304510025.0,"TILAPIA (OREOCHROMIS) MEAT, OTHER THAN FILLETS, FRESH OR CHILLED",Tilapia
149,304520000.0,"SALMONIDAE MEAT, NESOI, FRESH OR CHILLED",Salmon
150,304520010.0,"ATLANTIC SALMON (SALMO SALAR) MEAT OTHER THAN FILLETS, NOT FARMED, FRESH OR CHIL",Salmon
151,304520020.0,"SALMON (OTHER THAN ATLANTIC SALMON) MEAT, OTHER THAN FILLETS, FRESH OR CHILLED",Salmon
152,304520090.0,"SALMONIDAE MEAT OTHER THAN FILLETS, FRESH OR CHILLED, NESOI",Salmon
153,304590030.0,"TILAPIA OTHER THAN OREOCHROMUS, MEAT OTHER THAN FILLETS, FRESH OR CHILLED",Tilapia
154,304610000.0,"TILAPIA FILLETS, FROZEN",Tilapia
155,304810000.0,"PACIFIC SALMON FILLETS, FROZEN",Salmon
156,304815010.0,"ATLANTIC SALMONIDAE (SALMON SALAR) FILLETS, FROZEN, NESOI",Salmon
157,304815090.0,"SALMONIDAE FILLETS, FROZEN, EXCEPT ATLANTIC SALMON, NESOI",Salmon
158,304820000.0,"TROUT FILLETS, FROZEN",Trout
159,304821000.0,"TROUT FILLETS, SKINNED, FROZEN BLOCKS WEIGHING OVER 4.5 KG EACH",Trout
160,304825000.0,"TROUT FILLETS, FROZEN, NESOI",Trout
161,305204020.0,"SALMON ROE, DRIED, SMOKED, SALTED OR IN BRINE",Salmon
162,305410000.0,"PACIFIC, ATLANTIC AND DANUBE SALMON, SMOKED",Salmon
163,305430000.0,"SMOKED TROUT, INCLUDING FILLETS, OTHER THAN EDIBLE OFFAL",Trout
164,305440000.0,"SMOKED TILAPIAS, CATFISH, CARP, EELS, NILE PERCH AND SNAKEHEADS, INCLUDING FILLE",Tilapia
165,305694000.0,"SALMON, SALTED BUT NOT DRIED OR SMOKED, IN BRINE",Salmon
166,306130000.0,"SHRIMPS AND PRAWNS, INCLUDING IN SHELL, FROZEN",Shrimp
167,306130003.0,SHRIMPS/PRAWNS SHELL-ON COUNT SIZE < 33 PER KG FRZ,Shrimp
168,306130006.0,SHRIMP/PRAWN SHELL-ON COUNT SIZE 33-45 PER KG FRZN,Shrimp
169,306130009.0,SHRIMP/PRAWN SHELL-ON COUNT SIZE 46-55 PER KG FRZN,Shrimp
170,306130012.0,SHRIMP/PRAWN SHELL-ON COUNT SIZE 56-66 PER KG FRZN,Shrimp
171,306130015.0,SHRIMP/PRAWN SHELL-ON COUNT SIZE 67-88 PER KG FRZN,Shrimp
172,306130018.0,SHRIMP/PRAWN SHELL-ON COUNT SIZE 89-110 PER KG FRZ,Shrimp
173,306130020.0,"SHRIMPS AND PRAWNS, SHELL-ON, FROZEN",Shrimp
174,306130021.0,SHRIMP/PRAWN SHELL-ON COUNT SIZE 111-132 PR KG FRZ,Shrimp
175,306130024.0,SHRIMP/PRAWN SHELL-ON COUNT SIZE 133-154 PR KG FRZ,Shrimp
176,306130027.0,SHRIMP/PRAWN SHELL-ON COUNT SIZE MORE THAN 154 FRZ,Shrimp
177,306130040.0,"SHRIMPS AND PRAWNS, PEELED, FROZEN",Shrimp
178,306160003.0,"COLD-WATER SHRIMPS AND PRAWNS, FROZEN, SHELL-ON, COUNT SIZE (HEADLESS WEIGHT) LE",Shrimp
179,306160006.0,"COLD-WATER SHRIMPS AND PRAWNS, FROZEN, SHELL-ON, COUNT SIZE (HEADLESS WEIGHT) 33",Shrimp
180,306160009.0,"COLD-WATER SHRIMPS AND PRAWNS, FROZEN, SHELL-ON, COUNT SIZE (HEADLESS WEIGHT) 46",Shrimp
181,306160012.0,"COLD WATER SHRIMPS AND PRAWNS, FROZEN, SHELL-ON, COUNT SIZE (HEADLESS WEIGHT) 56",Shrimp
182,306160015.0,"COLD-WATER SHRIMPS AND PRAWNS, FROZEN, SHELL-ON, COUNT SIZE (HEADLESS WEIGHT) 67",Shrimp
183,306160018.0,"COLD-WATER SHRIMPS AND PRAWNS, FROZEN, SHELL-ON, COUNT SIZE (HEADLESS WEIGHT) 89",Shrimp
184,306160021.0,"COLD-WATER SHRIMPS AND PRAWNS, FROZEN, SHELL-ON, COUNT SIZE (HEADLESS WEIGHT) 11",Shrimp
185,306160024.0,"COLD-WATER SHRIMPS AND PRAWNS, FROZEN, SHELL-ON, COUNT SIZE (HEADLESS WEIGHT) 13",Shrimp
186,306160027.0,"COLD-WATER SHRIMPS AND PRAWNS, FROZEN, SHELL-ON, COUNT SIZE (HEADLESS WEIGHT) MO",Shrimp
187,306160040.0,"COLD-WATER SHRIMPS AND PRAWNS, FROZEN, PEELED",Shrimp
188,306170003.0,"SHRIMPS AND PRAWNS, FROZEN, SHELL-ON, COUNT SIZE (HEADLESS WEIGHT) LESS THAN 33 ",Shrimp
189,306170006.0,"SHRIMPS AND PRAWNS, FROZEN, SHELL-ON, COUNT SIZE (HEADLESS WEIGHT) 33-45 PER KG ",Shrimp
190,306170009.0,"SHRIMPS AND PRAWNS, FROZEN, SHELL-ON, COUNT SIZE (HEADLESS WEIGHT) 46-55 PER KG ",Shrimp
191,306170012.0,"SHRIMPS AND PRAWNS, FROZEN, SHELL-ON, COUNT SIZE (HEADLESS WEIGHT) 56-66 PER KG ",Shrimp
192,306170015.0,"SHRIMPS AND PRAWNS, FROZEN, SHELL-ON, COUNT SIZE (HEADLESS WEIGHT) 67-88 PER KG ",Shrimp
193,306170018.0,"SHRIMPS AND PRAWNS, FROZEN, SHELL-ON, COUNT SIZE (HEADLESS WEIGHT) 89-110 PER KG",Shrimp
194,306170021.0,"SHRIMPS AND PRAWNS, FROZEN, SHELL-ON, COUNT SIZE (HEADLESS WEIGHT) 111-132 PER K",Shrimp
195,306170024.0,"SHRIMPS AND PRAWNS, FROZEN, SHELL-ON, COUNT SIZE (HEADLESS WEIGHT) 133-154 PER K",Shrimp
196,306170027.0,"SHRIMPS AND PRAWNS, FROZEN, SHELL-ON, COUNT SIZE (HEADLESS WEIGHT) MORE THAN 154",Shrimp
197,306170040.0,"SHRIMPS AND PRAWNS, FROZEN, PEELED, NESOI",Shrimp
198,306230000.0,SHRIMPS/PRAWNS INC SHELL FR/CH/DRD/SALTED/IN BRINE,Shrimp
199,306230020.0,SHRIMPS/PRAWNS SHELL-ON FR/CH/DRD/SALTED/IN BRINE,Shrimp
200,306230040.0,"SHRIMPS, PRAWNS, PEELED FR/CH/DRD/SALTED/IN BRINE",Shrimp
201,306260000.0,"COLD-WATER SHRIMPS AND PRAWNS, INCLUDING IN SHELL, FRESH, CHILLED, DRIED, SALTED",Shrimp
202,306260020.0,"COLD-WATER SHRIMPS AND PRAWNS, SHELL-ON, NOT FROZEN",Shrimp
203,306260040.0,"COLD-WATER SHRIMPS AND PRAWNS, PEELED, NOT FROZEN",Shrimp
204,306270000.0,"SHRIMPS AND PRAWNS, INCLUDING IN SHELL, FRESH, CHILLED, DRIED, SALTED OR IN BRIN",Shrimp
205,306270020.0,"SHRIMPS AND PRAWNS, SHELL-ON, NOT FROZEN, OTHER THAN COLD WATER",Shrimp
206,306270040.0,"SHRIMPS AND PRAWNS, PEELED, NOT FROZEN, OTHER THAN COLD WATER",Shrimp
207,307100020.0,"SEED OYSTERS, LIVE",Oyster
208,307100040.0,OYSTERS NESOI LIVE/FRSH/CHLD/FZ/DRD/SALTD/IN BRINE,Oyster
209,307100060.0,OYSTERS FARMD NESOI LIVE/FRSH/CHLD/FZ/DRD/SALT ETC,Oyster
210,307100080.0,OYSTERS NOT FARMD NESOI LIVE/FRSH/CHLD/FZ/DRD/SALT,Oyster
211,307110020.0,"SEED OYSTERS, LIVE, FRESH OR CHILLED",Oyster
212,307110040.0,"OYSTERS EXCEPT SEED, LIVE, FRESH OR CHILLED",Oyster
213,307110060.0,"OYSTERS, FARMED, LIVE, FRESH OR CHILLED, EXCEPT SEED OYSTERS",Oyster
214,307110080.0,"OYSTERS, NOT FARMED, LIVE, FRESH OR CHILLED, EXCEPT SEED OYSTERS",Oyster
215,307190000.0,"OYSTERS, FROZEN, DRIED, SALTED OR IN BRINE",Oyster
216,307190060.0,"OYSTERS, FARMED, OTHER THAN LIVE, FRESH OR CHILLED",Oyster
217,307190080.0,"OYSTERS, NOT FARMED, OTHER THAN LIVE, FRESH OR CHILLED",Oyster
218,307210000.0,"SCALLOPS INCL QUEEN SCALLOPS, LIVE, FRESH, CHILLED",Scallop
219,307290000.0,"SCALLOPS INCL QUEEN, FROZEN/DRIED/SALTED/IN BRINE",Scallop
220,307310000.0,"MUSSELS, LIVE, FRESH OR CHILLED",Mussel
221,307310010.0,"MUSSELS, FARMED, LIVE, FRESH OR CHILLED",Mussel
222,307310090.0,"MUSSELS NOT FARMED LIVE, FRESH OR CHILLED",Mussel
223,307390000.0,"MUSSELS, FROZEN, DRIED, SALTED OR IN BRINE",Mussel
224,307710050.0,"GEODUCK CLAMS, LIVE, FRESH OR CHILLED",Clam
225,307710070.0,"CLAMS, LIVE, FRESH OR CHILLED, EXCEPT GEODUCK CLAMS",Clam
226,307790030.0,"GEODUCK CLAMS, INCLUDING FLOURS, MEALS AND PELLETS FIT FOR HUMAN CONSUMPTION, FR",Clam
227,307790051.0,"STIMSON'S CLAMS, INCLUDING FLOURS, MEALS, AND PETTETS FIT FOR HUMAN CONSUMPTION,",Clam
228,307790055.0,"CLAMS, INCLUDING FLOURS, MEALS, AND PETTETS FIT FOR HUMAN CONSUMPTION, FROZEN, D",Clam
229,307790070.0,"CLAMS (EXCEPT GEODUCK), WHETHER IN SHELL OR NOT, FROZEN, DRIED, SALTED OR IN BRI",Clam
230,307910050.0,"GEODUCK CLAMS, LVE/FRSH/CHIL EDIBLE FLOURS/PELTS",Clam
231,307910070.0,"CLAMS NESOI, LVE/FRSH/CHIL, EDIBLE FLOURS/PELLETS",Clam
232,307990030.0,"GEODUCK CLAMS, FROZEN, DRIED, SALTED OR IN BRINE",Clam
233,307990035.0,"CLAMS,EXC GEODCK, FROZEN,DRIED, SALTED OR IN BRINE",Clam
234,307990040.0,"CLAMS, FROZEN, DRIED, SALTED OR IN BRINE",Clam
235,307990050.0,"CLAMS NESOI, FROZEN, DRIED, SALTED OR IN BRINE",Clam
236,307990051.0,"STIMSONS CLAMS, FROZEN, DRIED, SALTED OR IN BRINE",Clam
237,307990055.0,"CLAMS NESOI, FROZEN, DRIED, SALTED OR IN BRINE",Clam
238,1604112000.0,"SALMON, WHOLE/PIECES, IN OIL IN AIRTIGHT CONTAINER",Salmon
239,1604112020.0,PINK (HUMPIE)SALMN WHOLE/PIECES IN OIL/AIRTIT CNTR,Salmon
240,1604112030.0,SOCKEYE SALMON WHOLE/PIECES IN OIL/AIRTIGHT CONTNR,Salmon
241,1604112090.0,SALMON NESOI WHOLE/PIECES IN OIL IN AIRTIGHT CONTR,Salmon
242,1604114010.0,"CHUM (DOG) SALMON, NOT IN OIL, CANNED",Salmon
243,1604114020.0,"PINK (HUMPIE) SALMON, NOT IN OIL, CANNED",Salmon
244,1604114030.0,"SOCKEYE SALMON, NOT IN OIL, CANNED",Salmon
245,1604114040.0,"SALMON, NESOI, NOT IN OIL, CANNED",Salmon
246,1604114050.0,"SALMON, WHOLE OR IN PIECES, BUT NOT MINCED, NESOI",Salmon
247,1605200500.0,"SHRIMP, PRAWN PRODUCTS WITH FISH MEAT PREP MEALS",Shrimp
248,1605200510.0,SHRIMP/PRAWN PRODS FISH MEAT/PREP MEAL AIRTIT CNTR,Shrimp
249,1605200590.0,SHRIMP/PRAWN PRODTS WTH FISH MEAT/PREP MEALS NESOI,Shrimp
250,1605201010.0,"SHRIMPS AND PRAWNS, FROZEN, IN AIRTIGHT CONTAINERS",Shrimp
251,1605201020.0,"SHRIMPS AND PRAWNS, BREADED, FROZEN",Shrimp
252,1605201025.0,"SHRIMPS AND PRAWNS, PREPARED, FROZEN, NESOI",Shrimp
253,1605201030.0,"SHRIMPS AND PRAWNS, PREPARED NESOI, FROZEN",Shrimp
254,1605201040.0,"SHRIMPS AND PRAWNS, CANNED",Shrimp
255,1605201050.0,"SHRIMPS AND PRAWNS, PREPARED OR PRESERVED, NESOI",Shrimp
256,1605210500.0,SHRIMP AND PRAWN PRODUCTS CONTAINING FISH MEAL/PREPARED MEALS,Shrimp
257,1605210500.0,SHRIMP AND PRAWN PRODUCTS CONTAINING FISH MEAT; PREPARED MEALS NOT IN AIRTIGHT C,Shrimp
258,1605211020.0,"SHRIMPS AND PRAWNS, BREADED, FROZEN",Shrimp
259,1605211025.0,"SHRIMPS AND PRAWNS, PREPARED, FROZEN, NESOI",Shrimp
260,1605211030.0,"SHRIMPS AND PRAWNS, PREPARED NESOI, FROZEN",Shrimp
261,1605211045.0,"SHRIMPS AND PRAWNS, PREPARED OR PRESERVED, NOT IN AIRTIGHT CONTAINERS, NESOI",Shrimp
262,1605211050.0,"SHRIMPS AND PRAWNS, PREPARED OR PRESERVED, NOT IN AIRTIGHT CONTAINERS, NESOI",Shrimp
263,1605290500.0,SHRIMP AND PRAWN PRODUCTS CONTAINING FISH MEAL IN AIRTIGHT CONTAINERS,Shrimp
264,1605290500.0,"SHRIMP AND PRAWN PRODUCTS CONTAINING FISH MEAT; PREPARED MEALS, IN AIRTIGHT CONT",Shrimp
265,1605291010.0,"SHRIMPS AND PRAWNS, FROZEN, IN AIRTIGHT CONTAINERS",Shrimp
266,1605291025.0,"SHRIMPS AND PRAWNS, FROZEN, IN AIRTIGHT CONTAINERS",Shrimp
267,1605291040.0,"SHRIMPS AND PRAWNS, PREPARED OR PRESERVED, IN AIRTIGHT CONTAINERS, NESOI",Shrimp
268,1605291045.0,"SHRIMPS AND PRAWNS, NOT FROZEN, IN AIRTIGHT CONTAINERS, NESOI",Shrimp
269,1605510000.0,"OYSTERS, PREPARED OR PRESERVED",Oyster
270,1605510500.0,"OYSTER PRODUCTS CONTAINIING FISH MEAT, PREPARED MEALS",Oyster
271,1605514000.0,"OYSTERS, SMOKED",Oyster
272,1605515000.0,"OYSTERS, EXCEPT SMOKED, PREPARED OR PRESERVED",Oyster
273,1605520000.0,"SCALLOPS, INCLUDING QUEEN SCALLOPS, PREPARED OR PRESERVED",Scallop
274,1605520500.0,"SCALLOPS, INCLUDING QUEEN SCALLOP PRODUCTS, CONTAINING FISH MEAT, PREPARED MEALS",Scallop
275,1605526000.0,"SCALLOPS, PREPARED OR PRESERVED",Scallop
276,1605530000.0,"MUSSELS, PREPARED OR PRESERVED",Mussel
277,1605530500.0,"MUSSELS, PRODUCTS CONTAINING FISH MEAT, PREPARED MEALS",Mussel
278,1605536000.0,"MUSSELS, PREPARED OR PRESERVED, NESOI",Mussel
279,1605560010.0,"CLAMS, PREPARED OR PRESERVED",Clam
280,1605561000.0,RAZOR CLAMS (SILIQUA PATULA) IN AIRTIGHT CONTAINERS,Clam
281,1605561500.0,"CLAMS, BOILED, WHETHER WHOLE, CHOPPED OR SALTED, BUT NOT OTHERWISE PREP OR PRESE",Clam
282,1605562000.0,"CLAMS IN AIRTIGHT CONTAINERS, NESOI",Clam
283,1605563000.0,"CLAMS, PREPARED OR PRESERVED, NESOI",Clam
284,1605900600.0,RAZOR CLAMS IN AIRTIGHT CONTAINERS,Clam
285,1605901000.0,CLAMS BOILED WHOLE/CHOPPED/SALTED NOV 680GRAMS GW,Clam
286,1605901500.0,"CLAMS, PREPARED OR PRESERVED",Clam
287,1605902000.0,"CLAMS IN AIRTIGHT CONTAINERS, NESOI",Clam
288,1605903000.0,"CLAMS, PREPARED OR PRESERVED, NESOI",Clam
289,1605904000.0,"OYSTERS, SMOKED",Oyster
290,1605905000.0,"OYSTERS EXCEPT SMOKED, PREPARED OR PRESERVED",Oyster
291,1605906040.0,"SCALLOPS, PREPARED OR PRESERVED",Scallop
